ID,Name,Age,City
1,John,25,New York
2,Susan,34,Los Angeles
3,Michael,42,Chicago
4,Linda,29,Houston
5,David,51,Miami
6,Emily,19,New York
7,Matthew,38,Los Angeles
8,Sophia,45,Chicago
9,James,27,Houston
10,Olivia,53,Miami
11,William,22,New York
12,Emma,33,Los Angeles
13,Christopher,49,Chicago
14,Ava,24,Houston
15,Joseph,37,Miami
16,Isabella,57,New York
17,Andrew,31,Los Angeles
18,Mia,55,Chicago
19,Robert,26,Houston
20,Abigail,46,Miami
21,Charles,40,New York
22,Grace,59,Los Angeles
23,Daniel,28,Chicago
24,Harper,48,Houston
25,Matthew,23,Miami
26,Ella,50,New York
27,Michael,39,Los Angeles
28,Scarlett,43,Chicago
29,Anthony,32,Houston
30,Liam,36,Miami
31,Mia,58,New York
32,Emily,30,Los Angeles
33,Logan,54,Chicago
34,Olivia,35,Houston
35,John,20,Miami
36,Sophia,47,New York
37,William,44,Los Angeles
38,Ava,29,Chicago
39,James,52,Houston
40,Abigail,41,Miami
41,David,56,New York
42,Charlotte,25,Los Angeles
43,Daniel,37,Chicago
44,Ella,26,Houston
45,Liam,47,Miami
46,Susan,19,New York
47,Christopher,51,Los Angeles
48,Grace,38,Chicago
49,Michael,43,Houston
50,Sophia,29,Miami
51,Emily,55,New York
52,Matthew,31,Los Angeles
53,Scarlett,36,Chicago
54,Anthony,22,Houston
55,Linda,50,Miami
56,Logan,21,New York
57,Harper,32,Los Angeles
58,Andrew,45,Chicago
59,Isabella,24,Houston
60,Joseph,59,Miami
61,Ava,48,New York
62,Charles,34,Los Angeles
63,Olivia,58,Chicago
64,Robert,27,Houston
65,David,40,Miami
66,Mia,53,New York
67,William,26,Los Angeles
68,Ella,36,Chicago
69,Sophia,47,Houston
70,James,38,Miami
71,Michael,57,New York
72,Grace,23,Los Angeles
73,John,52,Chicago
74,Abigail,31,Houston
75,Logan,45,Miami
76,Emily,30,New York
77,Matthew,40,Los Angeles
78,Susan,55,Chicago
79,Charlotte,27,Houston
80,Anthony,36,Miami
81,Liam,19,New York
82,Daniel,43,Los Angeles
83,Harper,41,Chicago
84,Mia,28,Houston
85,Christopher,46,Miami
86,Ella,51,New York
87,Olivia,34,Los Angeles
88,David,58,Chicago
89,Joseph,25,Houston
90,Scarlett,38,Miami
91,Ava,22,New York
92,Logan,57,Los Angeles
93,Isabella,47,Chicago
94,Sophia,31,Houston
95,Matthew,39,Miami
96,Michael,55,New York
97,James,20,Los Angeles
98,Linda,53,Chicago
99,William,29,Houston
100,Grace,42,Miami